"Data science: (01/01/2004 - 17/04/2022, Worldwide)",No,Status
computer science,100,TOP
what is data science,98,TOP
what is data,98,TOP
what is science,97,TOP
python,93,TOP
python data science,93,TOP
data science jobs,88,TOP
data science course,86,TOP
data analytics,71,TOP
data science masters,64,TOP
data scientist,56,TOP
machine learning,55,TOP
master data science,54,TOP
data science courses,49,TOP
big data science,44,TOP
big data,44,TOP
data science salary,44,TOP
data analysis,40,TOP
data science pdf,39,TOP
statistics,36,TOP
masters in data science,35,TOP
python for data science,35,TOP
data science job,34,TOP
data science degree,33,TOP
ms data science,29,TOP
python,Breakout,RISING
python data science,Breakout,RISING
data analytics,Breakout,RISING
machine learning,Breakout,RISING
big data science,Breakout,RISING
python for data science,Breakout,RISING
data science job,Breakout,RISING
data science and analytics,Breakout,RISING
data science coursera,Breakout,RISING
coursera,Breakout,RISING
coursera data science,Breakout,RISING
data science certificate,Breakout,RISING
ms in data science,Breakout,RISING
data science msc,Breakout,RISING
data science bootcamp,Breakout,RISING
data science certification,Breakout,RISING
r for data science,Breakout,RISING
reddit data science,Breakout,RISING
business analytics,Breakout,RISING
open data science,Breakout,RISING
berkeley data science,Breakout,RISING
data scientist salary,Breakout,RISING
data science with python,Breakout,RISING
towards data science,Breakout,RISING
data science course online,Breakout,RISING
